{
  "swagger" : "2.0",
  "info" : {
    "version" : "1.0",
    "title" : "Resource",
    "description" : "Resource service"
  },
  "host" : "localhost:4646",
  "basePath" : "/",
  "schemes" : [ "http" ],
  "paths" : {
    "/getemployee" : {
      "get" : {
        "summary" : "getResource",
        "description" : "getResource",
        "operationId" : "get-getemployee",
        "consumes" : [ "application/json" ],
        "produces" : [ "application/json" ],
        "parameters" : [ {
          "name" : "empid",
          "in" : "query",
          "description" : "",
          "type" : "string",
          "required" : false
        } ],
        "responses" : {
          "200" : {
            "description" : "a EmpResponse to be returned",
            "schema" : {
              "$ref" : "#/definitions/EmpResponse"
            }
          }
        }
      }
    }
  },
  "definitions" : {
    "EmpResponse" : {
      "type" : "object",
      "required" : [ "empname", "empid", "emplocation", "empref" ],
      "properties" : {
        "empid" : {
          "type" : "string"
        },
        "empname" : {
          "type" : "string"
        },
        "emplocation" : {
          "type" : "string"
        },
        "empref" : {
          "type" : "string"
        }
      }
    }
  }
}